{"minzoom":0,"maxzoom":9,"center":[22.148438,41.770776,9.0],"bounds":[20.463591,40.854767,23.045282,42.374416]}