{"minzoom":0,"maxzoom":8,"center":[21.796875,41.506436,8.0],"bounds":[20.463591,40.854767,23.045282,42.374416]}